seed,variant,batch_size,seq_len,latency_ms,latency_std_ms,peak_allocated_mb,peak_reserved_mb,throughput_samples_per_sec,params_m,adapter_params_m
0,Frozen-Hydra,1,512,43.72,,501.12,560.00,22.88,111.68,0.00
1,Frozen-Hydra,1,512,43.94,,500.92,562.00,22.76,111.68,0.00
2,Frozen-Hydra,1,512,43.89,,500.99,560.00,22.79,111.68,0.00
3,Frozen-Hydra,1,512,43.89,,500.92,582.00,22.78,111.68,0.00
4,Frozen-Hydra,1,512,43.77,,500.99,562.00,22.85,111.68,0.00
5,Frozen-Hydra,1,512,44.07,,500.92,602.00,22.69,111.68,0.00
6,Frozen-Hydra,1,512,43.86,,500.99,580.00,22.80,111.68,0.00
7,Frozen-Hydra,1,512,43.84,,500.92,622.00,22.81,111.68,0.00
8,Frozen-Hydra,1,512,43.88,,500.99,600.00,22.79,111.68,0.00
9,Frozen-Hydra,1,512,43.73,,500.92,642.00,22.87,111.68,0.00
10,Frozen-Hydra,1,512,43.65,,500.99,620.00,22.91,111.68,0.00
11,Frozen-Hydra,1,512,43.65,,500.92,662.00,22.91,111.68,0.00
12,Frozen-Hydra,1,512,43.77,,500.99,640.00,22.85,111.68,0.00
13,Frozen-Hydra,1,512,43.70,,500.92,682.00,22.88,111.68,0.00
14,Frozen-Hydra,1,512,43.72,,500.99,660.00,22.88,111.68,0.00
0,Hypernet,1,512,74.02,,524.98,726.00,13.51,117.95,6.27
1,Hypernet,1,512,73.72,,525.05,706.00,13.56,117.95,6.27
2,Hypernet,1,512,73.72,,524.98,748.00,13.56,117.95,6.27
3,Hypernet,1,512,73.76,,525.05,728.00,13.56,117.95,6.27
4,Hypernet,1,512,73.58,,524.98,770.00,13.59,117.95,6.27
5,Hypernet,1,512,73.93,,525.05,750.00,13.53,117.95,6.27
6,Hypernet,1,512,74.03,,524.98,792.00,13.51,117.95,6.27
7,Hypernet,1,512,73.74,,525.05,772.00,13.56,117.95,6.27
8,Hypernet,1,512,73.64,,524.98,814.00,13.58,117.95,6.27
9,Hypernet,1,512,73.72,,524.82,794.00,13.57,117.95,6.27
10,Hypernet,1,512,74.01,,524.98,836.00,13.51,117.95,6.27
11,Hypernet,1,512,74.02,,524.82,816.00,13.51,117.95,6.27
12,Hypernet,1,512,73.88,,524.98,858.00,13.53,117.95,6.27
13,Hypernet,1,512,74.06,,524.82,838.00,13.50,117.95,6.27
14,Hypernet,1,512,74.02,,524.98,880.00,13.51,117.95,6.27
0,Chebyshev,1,512,92.44,,542.80,878.00,10.82,122.65,10.97
1,Chebyshev,1,512,91.30,,542.96,920.00,10.95,122.65,10.97
2,Chebyshev,1,512,91.57,,542.80,902.00,10.92,122.65,10.97
3,Chebyshev,1,512,91.40,,542.96,944.00,10.94,122.65,10.97
4,Chebyshev,1,512,91.30,,543.16,906.00,10.95,122.65,10.97
5,Chebyshev,1,512,91.51,,542.96,948.00,10.93,122.65,10.97
6,Chebyshev,1,512,91.54,,543.16,910.00,10.92,122.65,10.97
7,Chebyshev,1,512,91.85,,542.96,952.00,10.89,122.65,10.97
8,Chebyshev,1,512,91.79,,543.16,914.00,10.89,122.65,10.97
9,Chebyshev,1,512,91.72,,542.96,956.00,10.90,122.65,10.97
10,Chebyshev,1,512,92.19,,543.16,918.00,10.85,122.65,10.97
11,Chebyshev,1,512,91.90,,542.96,960.00,10.88,122.65,10.97
12,Chebyshev,1,512,91.76,,543.16,922.00,10.90,122.65,10.97
13,Chebyshev,1,512,92.04,,542.96,964.00,10.87,122.65,10.97
14,Chebyshev,1,512,91.75,,543.16,926.00,10.90,122.65,10.97
0,DCT,1,512,84.46,,528.29,950.00,11.84,118.75,7.07
1,DCT,1,512,84.52,,528.49,896.00,11.83,118.75,7.07
2,DCT,1,512,84.25,,528.29,936.00,11.87,118.75,7.07
3,DCT,1,512,84.20,,528.49,896.00,11.88,118.75,7.07
4,DCT,1,512,84.43,,528.29,936.00,11.84,118.75,7.07
5,DCT,1,512,84.15,,528.49,896.00,11.88,118.75,7.07
6,DCT,1,512,84.30,,528.29,936.00,11.86,118.75,7.07
7,DCT,1,512,84.44,,528.49,896.00,11.84,118.75,7.07
8,DCT,1,512,84.55,,528.29,936.00,11.83,118.75,7.07
9,DCT,1,512,84.24,,528.49,896.00,11.87,118.75,7.07
10,DCT,1,512,84.39,,528.29,936.00,11.85,118.75,7.07
11,DCT,1,512,84.50,,528.49,896.00,11.83,118.75,7.07
12,DCT,1,512,84.87,,528.29,936.00,11.78,118.75,7.07
13,DCT,1,512,84.80,,528.49,896.00,11.79,118.75,7.07
14,DCT,1,512,84.50,,528.29,936.00,11.83,118.75,7.07
0,AdaLN-Zero,1,512,47.97,,528.45,874.00,20.84,118.51,6.84
1,AdaLN-Zero,1,512,47.50,,528.81,904.00,21.05,118.51,6.84
2,AdaLN-Zero,1,512,47.62,,528.45,862.00,21.00,118.51,6.84
3,AdaLN-Zero,1,512,47.59,,528.81,902.00,21.01,118.51,6.84
4,AdaLN-Zero,1,512,47.67,,528.45,882.00,20.98,118.51,6.84
5,AdaLN-Zero,1,512,47.57,,528.81,902.00,21.02,118.51,6.84
6,AdaLN-Zero,1,512,47.56,,528.45,902.00,21.03,118.51,6.84
7,AdaLN-Zero,1,512,47.57,,528.86,902.00,21.02,118.51,6.84
8,AdaLN-Zero,1,512,47.61,,528.40,902.00,21.00,118.51,6.84
9,AdaLN-Zero,1,512,48.36,,528.92,902.00,20.68,118.51,6.84
10,AdaLN-Zero,1,512,49.26,,528.35,904.00,20.30,118.51,6.84
11,AdaLN-Zero,1,512,47.91,,528.97,902.00,20.87,118.51,6.84
12,AdaLN-Zero,1,512,47.70,,528.29,904.00,20.97,118.51,6.84
13,AdaLN-Zero,1,512,47.71,,529.02,902.00,20.96,118.51,6.84
14,AdaLN-Zero,1,512,47.59,,528.24,904.00,21.01,118.51,6.84
0,Input-Injection,1,512,45.77,,509.84,872.00,21.85,113.96,2.28
1,Input-Injection,1,512,45.53,,509.98,900.00,21.96,113.96,2.28
2,Input-Injection,1,512,45.52,,509.81,878.00,21.97,113.96,2.28
3,Input-Injection,1,512,45.47,,509.98,898.00,21.99,113.96,2.28
4,Input-Injection,1,512,45.29,,509.81,878.00,22.08,113.96,2.28
5,Input-Injection,1,512,45.21,,509.98,898.00,22.12,113.96,2.28
6,Input-Injection,1,512,45.39,,509.81,878.00,22.03,113.96,2.28
7,Input-Injection,1,512,45.12,,509.98,898.00,22.16,113.96,2.28
8,Input-Injection,1,512,45.12,,509.81,878.00,22.16,113.96,2.28
9,Input-Injection,1,512,45.08,,509.98,898.00,22.18,113.96,2.28
10,Input-Injection,1,512,45.22,,509.81,878.00,22.11,113.96,2.28
11,Input-Injection,1,512,45.12,,509.98,898.00,22.16,113.96,2.28
12,Input-Injection,1,512,45.24,,509.81,878.00,22.10,113.96,2.28
13,Input-Injection,1,512,45.29,,509.98,898.00,22.08,113.96,2.28
14,Input-Injection,1,512,45.40,,509.81,878.00,22.03,113.96,2.28
0,Frozen-Hydra,4,512,44.75,,688.20,1072.00,89.39,111.68,0.00
1,Frozen-Hydra,4,512,44.82,,688.59,1048.00,89.25,111.68,0.00
2,Frozen-Hydra,4,512,44.89,,688.20,1064.00,89.10,111.68,0.00
3,Frozen-Hydra,4,512,44.99,,688.59,1044.00,88.91,111.68,0.00
4,Frozen-Hydra,4,512,44.69,,688.20,1062.00,89.50,111.68,0.00
5,Frozen-Hydra,4,512,44.65,,688.59,1042.00,89.59,111.68,0.00
6,Frozen-Hydra,4,512,44.67,,688.20,1062.00,89.55,111.68,0.00
7,Frozen-Hydra,4,512,44.70,,688.59,1042.00,89.48,111.68,0.00
8,Frozen-Hydra,4,512,44.63,,688.20,1062.00,89.62,111.68,0.00
9,Frozen-Hydra,4,512,44.52,,688.59,1042.00,89.84,111.68,0.00
10,Frozen-Hydra,4,512,44.93,,688.20,1062.00,89.03,111.68,0.00
11,Frozen-Hydra,4,512,44.60,,688.59,1042.00,89.69,111.68,0.00
12,Frozen-Hydra,4,512,44.56,,688.20,1062.00,89.77,111.68,0.00
13,Frozen-Hydra,4,512,44.58,,688.59,1042.00,89.72,111.68,0.00
14,Frozen-Hydra,4,512,44.72,,688.20,1062.00,89.45,111.68,0.00
0,Hypernet,4,512,76.18,,712.65,1116.00,52.51,117.95,6.27
1,Hypernet,4,512,76.01,,712.26,1138.00,52.62,117.95,6.27
2,Hypernet,4,512,75.97,,712.65,1116.00,52.65,117.95,6.27
3,Hypernet,4,512,76.33,,712.26,1140.00,52.41,117.95,6.27
4,Hypernet,4,512,76.26,,712.65,1118.00,52.45,117.95,6.27
5,Hypernet,4,512,75.97,,712.26,1142.00,52.66,117.95,6.27
6,Hypernet,4,512,75.91,,712.65,1120.00,52.69,117.95,6.27
7,Hypernet,4,512,76.60,,712.26,1144.00,52.22,117.95,6.27
8,Hypernet,4,512,76.91,,712.65,1122.00,52.01,117.95,6.27
9,Hypernet,4,512,76.74,,712.26,1146.00,52.12,117.95,6.27
10,Hypernet,4,512,76.70,,712.65,1124.00,52.15,117.95,6.27
11,Hypernet,4,512,76.78,,712.26,1148.00,52.10,117.95,6.27
12,Hypernet,4,512,76.43,,712.65,1126.00,52.34,117.95,6.27
13,Hypernet,4,512,76.34,,712.26,1150.00,52.40,117.95,6.27
14,Hypernet,4,512,76.45,,712.65,1128.00,52.32,117.95,6.27
0,Chebyshev,4,512,95.16,,730.24,1170.00,42.03,122.65,10.97
1,Chebyshev,4,512,94.47,,730.63,1148.00,42.34,122.65,10.97
2,Chebyshev,4,512,94.59,,730.24,1172.00,42.29,122.65,10.97
3,Chebyshev,4,512,94.70,,730.63,1150.00,42.24,122.65,10.97
4,Chebyshev,4,512,95.10,,730.24,1174.00,42.06,122.65,10.97
5,Chebyshev,4,512,94.93,,730.63,1152.00,42.14,122.65,10.97
6,Chebyshev,4,512,95.09,,730.24,1176.00,42.07,122.65,10.97
7,Chebyshev,4,512,94.60,,730.63,1154.00,42.28,122.65,10.97
8,Chebyshev,4,512,95.43,,730.24,1178.00,41.92,122.65,10.97
9,Chebyshev,4,512,95.19,,730.63,1156.00,42.02,122.65,10.97
10,Chebyshev,4,512,95.03,,730.24,1180.00,42.09,122.65,10.97
11,Chebyshev,4,512,95.02,,730.63,1158.00,42.10,122.65,10.97
12,Chebyshev,4,512,94.67,,730.24,1182.00,42.25,122.65,10.97
13,Chebyshev,4,512,94.97,,730.63,1160.00,42.12,122.65,10.97
14,Chebyshev,4,512,94.98,,730.24,1184.00,42.11,122.65,10.97
0,DCT,4,512,87.73,,715.96,1146.00,45.59,118.75,7.07
1,DCT,4,512,88.41,,715.57,1164.00,45.24,118.75,7.07
2,DCT,4,512,87.38,,715.96,1144.00,45.78,118.75,7.07
3,DCT,4,512,87.03,,715.57,1164.00,45.96,118.75,7.07
4,DCT,4,512,87.59,,715.96,1144.00,45.67,118.75,7.07
5,DCT,4,512,88.25,,715.57,1164.00,45.32,118.75,7.07
6,DCT,4,512,88.17,,715.96,1144.00,45.36,118.75,7.07
7,DCT,4,512,87.11,,715.57,1164.00,45.92,118.75,7.07
8,DCT,4,512,87.15,,715.96,1144.00,45.90,118.75,7.07
9,DCT,4,512,88.04,,715.57,1164.00,45.43,118.75,7.07
10,DCT,4,512,87.61,,715.96,1144.00,45.66,118.75,7.07
11,DCT,4,512,87.56,,715.57,1164.00,45.68,118.75,7.07
12,DCT,4,512,87.77,,715.96,1144.00,45.57,118.75,7.07
13,DCT,4,512,88.00,,715.57,1164.00,45.45,118.75,7.07
14,DCT,4,512,87.72,,715.96,1144.00,45.60,118.75,7.07
0,AdaLN-Zero,4,512,49.06,,717.23,1088.00,81.54,118.51,6.84
1,AdaLN-Zero,4,512,48.98,,715.55,1082.00,81.67,118.51,6.84
2,AdaLN-Zero,4,512,49.47,,717.23,1062.00,80.85,118.51,6.84
3,AdaLN-Zero,4,512,48.69,,715.55,1082.00,82.16,118.51,6.84
4,AdaLN-Zero,4,512,48.75,,717.23,1062.00,82.05,118.51,6.84
5,AdaLN-Zero,4,512,48.66,,715.55,1082.00,82.19,118.51,6.84
6,AdaLN-Zero,4,512,48.76,,717.23,1062.00,82.04,118.51,6.84
7,AdaLN-Zero,4,512,48.85,,715.55,1082.00,81.88,118.51,6.84
8,AdaLN-Zero,4,512,49.05,,717.23,1062.00,81.55,118.51,6.84
9,AdaLN-Zero,4,512,48.97,,715.55,1082.00,81.69,118.51,6.84
10,AdaLN-Zero,4,512,48.96,,717.23,1062.00,81.71,118.51,6.84
11,AdaLN-Zero,4,512,48.80,,715.55,1082.00,81.96,118.51,6.84
12,AdaLN-Zero,4,512,48.79,,717.23,1062.00,81.98,118.51,6.84
13,AdaLN-Zero,4,512,48.86,,715.55,1084.00,81.86,118.51,6.84
14,AdaLN-Zero,4,512,49.13,,717.23,1062.00,81.42,118.51,6.84
0,Input-Injection,4,512,46.69,,697.29,1052.00,85.67,113.96,2.28
1,Input-Injection,4,512,46.43,,696.90,1080.00,86.16,113.96,2.28
2,Input-Injection,4,512,46.48,,697.29,1060.00,86.05,113.96,2.28
3,Input-Injection,4,512,46.31,,696.90,1078.00,86.38,113.96,2.28
4,Input-Injection,4,512,46.55,,697.29,1058.00,85.94,113.96,2.28
5,Input-Injection,4,512,46.96,,696.90,1078.00,85.18,113.96,2.28
6,Input-Injection,4,512,46.60,,697.29,1058.00,85.84,113.96,2.28
7,Input-Injection,4,512,46.66,,696.90,1080.00,85.73,113.96,2.28
8,Input-Injection,4,512,46.47,,697.29,1060.00,86.08,113.96,2.28
9,Input-Injection,4,512,46.71,,696.90,1078.00,85.64,113.96,2.28
10,Input-Injection,4,512,46.32,,697.29,1058.00,86.35,113.96,2.28
11,Input-Injection,4,512,46.62,,696.90,1078.00,85.79,113.96,2.28
12,Input-Injection,4,512,46.56,,697.29,1058.00,85.91,113.96,2.28
13,Input-Injection,4,512,46.81,,696.90,1078.00,85.45,113.96,2.28
14,Input-Injection,4,512,46.90,,697.29,1058.00,85.28,113.96,2.28
0,Frozen-Hydra,8,512,47.74,,938.68,1436.00,167.57,111.68,0.00
1,Frozen-Hydra,8,512,47.86,,939.14,1434.00,167.17,111.68,0.00
2,Frozen-Hydra,8,512,48.29,,938.68,1426.00,165.67,111.68,0.00
3,Frozen-Hydra,8,512,47.85,,939.14,1430.00,167.19,111.68,0.00
4,Frozen-Hydra,8,512,47.65,,938.68,1424.00,167.89,111.68,0.00
5,Frozen-Hydra,8,512,47.64,,939.14,1428.00,167.94,111.68,0.00
6,Frozen-Hydra,8,512,47.62,,938.68,1424.00,168.00,111.68,0.00
7,Frozen-Hydra,8,512,47.75,,939.14,1428.00,167.53,111.68,0.00
8,Frozen-Hydra,8,512,47.59,,938.68,1424.00,168.11,111.68,0.00
9,Frozen-Hydra,8,512,47.72,,939.14,1428.00,167.64,111.68,0.00
10,Frozen-Hydra,8,512,47.68,,938.68,1424.00,167.80,111.68,0.00
11,Frozen-Hydra,8,512,47.71,,939.14,1428.00,167.68,111.68,0.00
12,Frozen-Hydra,8,512,47.71,,938.68,1424.00,167.67,111.68,0.00
13,Frozen-Hydra,8,512,47.72,,939.14,1428.00,167.65,111.68,0.00
14,Frozen-Hydra,8,512,47.70,,938.68,1424.00,167.73,111.68,0.00
0,Hypernet,8,512,78.94,,963.20,1514.00,101.34,117.95,6.27
1,Hypernet,8,512,78.98,,962.74,1524.00,101.29,117.95,6.27
2,Hypernet,8,512,79.09,,963.20,1516.00,101.15,117.95,6.27
3,Hypernet,8,512,79.09,,962.74,1524.00,101.15,117.95,6.27
4,Hypernet,8,512,79.13,,963.20,1516.00,101.10,117.95,6.27
5,Hypernet,8,512,79.19,,962.74,1526.00,101.02,117.95,6.27
6,Hypernet,8,512,79.14,,963.20,1518.00,101.09,117.95,6.27
7,Hypernet,8,512,78.81,,962.74,1528.00,101.52,117.95,6.27
8,Hypernet,8,512,78.77,,963.20,1520.00,101.56,117.95,6.27
9,Hypernet,8,512,78.85,,962.74,1530.00,101.46,117.95,6.27
10,Hypernet,8,512,79.04,,963.20,1522.00,101.22,117.95,6.27
11,Hypernet,8,512,79.27,,962.74,1532.00,100.92,117.95,6.27
12,Hypernet,8,512,79.71,,963.20,1524.00,100.37,117.95,6.27
13,Hypernet,8,512,79.19,,962.74,1534.00,101.03,117.95,6.27
14,Hypernet,8,512,79.05,,963.20,1526.00,101.21,117.95,6.27
0,Chebyshev,8,512,97.13,,980.72,1554.00,82.37,122.65,10.97
1,Chebyshev,8,512,96.82,,981.18,1546.00,82.62,122.65,10.97
2,Chebyshev,8,512,97.25,,980.72,1556.00,82.26,122.65,10.97
3,Chebyshev,8,512,97.49,,981.18,1548.00,82.06,122.65,10.97
4,Chebyshev,8,512,97.61,,980.72,1558.00,81.96,122.65,10.97
5,Chebyshev,8,512,97.52,,981.18,1552.00,82.03,122.65,10.97
6,Chebyshev,8,512,97.68,,980.72,1562.00,81.90,122.65,10.97
7,Chebyshev,8,512,97.06,,981.18,1554.00,82.42,122.65,10.97
8,Chebyshev,8,512,97.52,,980.72,1564.00,82.04,122.65,10.97
9,Chebyshev,8,512,97.53,,981.18,1558.00,82.03,122.65,10.97
10,Chebyshev,8,512,97.23,,980.72,1566.00,82.28,122.65,10.97
11,Chebyshev,8,512,97.63,,981.18,1562.00,81.94,122.65,10.97
12,Chebyshev,8,512,97.34,,980.72,1570.00,82.19,122.65,10.97
13,Chebyshev,8,512,97.65,,981.18,1566.00,81.93,122.65,10.97
14,Chebyshev,8,512,97.47,,980.72,1572.00,82.08,122.65,10.97
0,DCT,8,512,90.37,,966.51,1554.00,88.52,118.75,7.07
1,DCT,8,512,90.15,,966.05,1550.00,88.74,118.75,7.07
2,DCT,8,512,90.35,,966.51,1542.00,88.54,118.75,7.07
3,DCT,8,512,89.67,,966.05,1550.00,89.22,118.75,7.07
4,DCT,8,512,89.93,,966.51,1542.00,88.96,118.75,7.07
5,DCT,8,512,89.87,,966.05,1550.00,89.01,118.75,7.07
6,DCT,8,512,90.13,,966.51,1542.00,88.77,118.75,7.07
7,DCT,8,512,89.91,,966.05,1550.00,88.98,118.75,7.07
8,DCT,8,512,90.10,,966.51,1542.00,88.80,118.75,7.07
9,DCT,8,512,89.96,,966.05,1550.00,88.93,118.75,7.07
10,DCT,8,512,89.99,,966.51,1542.00,88.90,118.75,7.07
11,DCT,8,512,90.04,,966.05,1550.00,88.84,118.75,7.07
12,DCT,8,512,90.27,,966.51,1542.00,88.63,118.75,7.07
13,DCT,8,512,90.17,,966.05,1550.00,88.72,118.75,7.07
14,DCT,8,512,90.31,,966.51,1542.00,88.58,118.75,7.07
0,AdaLN-Zero,8,512,51.42,,967.71,1474.00,155.57,118.51,6.84
1,AdaLN-Zero,8,512,51.43,,966.10,1496.00,155.56,118.51,6.84
2,AdaLN-Zero,8,512,51.40,,967.71,1454.00,155.64,118.51,6.84
3,AdaLN-Zero,8,512,51.22,,966.10,1480.00,156.19,118.51,6.84
4,AdaLN-Zero,8,512,51.33,,967.71,1448.00,155.86,118.51,6.84
5,AdaLN-Zero,8,512,51.27,,966.10,1480.00,156.05,118.51,6.84
6,AdaLN-Zero,8,512,51.24,,967.71,1448.00,156.13,118.51,6.84
7,AdaLN-Zero,8,512,51.46,,966.10,1480.00,155.46,118.51,6.84
8,AdaLN-Zero,8,512,51.09,,967.71,1448.00,156.57,118.51,6.84
9,AdaLN-Zero,8,512,51.31,,966.10,1480.00,155.90,118.51,6.84
10,AdaLN-Zero,8,512,51.55,,967.71,1448.00,155.19,118.51,6.84
11,AdaLN-Zero,8,512,51.78,,966.10,1480.00,154.50,118.51,6.84
12,AdaLN-Zero,8,512,51.27,,967.71,1448.00,156.05,118.51,6.84
13,AdaLN-Zero,8,512,51.43,,966.10,1480.00,155.55,118.51,6.84
14,AdaLN-Zero,8,512,51.49,,967.71,1448.00,155.37,118.51,6.84
0,Input-Injection,8,512,49.56,,947.84,1452.00,161.42,113.96,2.28
1,Input-Injection,8,512,49.38,,947.38,1466.00,162.02,113.96,2.28
2,Input-Injection,8,512,49.54,,947.84,1460.00,161.49,113.96,2.28
3,Input-Injection,8,512,49.33,,947.38,1466.00,162.17,113.96,2.28
4,Input-Injection,8,512,49.43,,947.84,1458.00,161.84,113.96,2.28
5,Input-Injection,8,512,49.46,,947.38,1464.00,161.73,113.96,2.28
6,Input-Injection,8,512,49.36,,947.84,1458.00,162.07,113.96,2.28
7,Input-Injection,8,512,49.34,,947.38,1464.00,162.13,113.96,2.28
8,Input-Injection,8,512,49.39,,947.84,1460.00,161.98,113.96,2.28
9,Input-Injection,8,512,49.42,,947.38,1466.00,161.88,113.96,2.28
10,Input-Injection,8,512,49.53,,947.84,1460.00,161.51,113.96,2.28
11,Input-Injection,8,512,49.54,,947.38,1464.00,161.48,113.96,2.28
12,Input-Injection,8,512,49.40,,947.84,1458.00,161.94,113.96,2.28
13,Input-Injection,8,512,49.58,,947.38,1464.00,161.35,113.96,2.28
14,Input-Injection,8,512,49.43,,947.84,1458.00,161.84,113.96,2.28
