kernel,mode,dataset,seed,raw_nll,raw_ppl,weighted_nll,weighted_ppl,error
hypernet,full,ag_news,42,5.528926799743937,251.87345526618992,3.9532428532627515,52.10405898273318,
hypernet,full,arxiv,42,6.375419344149787,587.2316314659513,4.053914778200881,57.62259575560109,
hypernet,full,lambada,42,5.134150610960975,169.72010024121877,3.805430421309315,44.94459106006765,
hypernet,full,ptb,42,5.522022206513302,250.14036155075166,3.311530122770856,27.427060150392027,
hypernet,full,pubmed,42,6.184738529754913,485.2860591539562,3.8917210782194545,48.99513846651696,
hypernet,full,wikitext,42,5.70389545935823,300.03389732551216,3.7698583416469096,43.37392012254527,
hypernet,full,ag_news,142,6.283023211579433,535.4048617181224,3.53418024255423,34.266912640579854,
hypernet,full,arxiv,142,6.366584874508794,582.0666001947714,4.072628007631412,58.71105312331788,
hypernet,full,lambada,142,5.911278972109242,369.17802198640504,3.303242616633382,27.20069750755808,
hypernet,full,ptb,142,7.534412391336876,1871.3444174291094,2.767531199290938,15.91928391659048,
hypernet,full,pubmed,142,6.109209798805681,449.98299753980416,3.949226858670798,51.8952289744029,
hypernet,full,wikitext,142,6.048121300370786,423.31699704006377,3.7152908248830685,41.07052967969828,
hypernet,full,ag_news,242,5.49183865159721,242.70304320153082,3.720325428178073,41.27782489046375,
hypernet,full,arxiv,242,6.296323896416613,542.5736824719161,4.002581669754565,54.73928653126446,
hypernet,full,lambada,242,5.181955913583272,178.03068331009337,3.5763899242616355,35.74426813014814,
hypernet,full,ptb,242,6.23501018910041,510.30581797902147,3.2174314210120767,24.96391596982658,
hypernet,full,pubmed,242,6.163850865210052,475.2546973188931,3.801945585549971,44.78823913057907,
hypernet,full,wikitext,242,6.15295789358731,470.10585539391747,3.245444856515037,25.67312837870393,
hypernet,full,ag_news,342,5.106087386242501,165.0234171979722,3.8284726085372847,45.99223640943543,
hypernet,full,arxiv,342,6.2383831070120515,512.0299436455156,3.9826827750272695,53.660801151379204,
hypernet,full,lambada,342,4.819090776706128,123.85243005629826,3.630275785879066,37.723218713774315,
hypernet,full,ptb,342,4.8082553274375135,122.51767771335348,3.3941126596918436,29.78820946528899,
hypernet,full,pubmed,342,6.05506470642721,426.26648674365094,3.789455010149833,44.232287558218076,
hypernet,full,wikitext,342,5.306972536601279,201.7385468668872,3.503422429283945,33.228981413678085,
hypernet,full,ag_news,442,5.436529680201959,229.64386140667986,4.160490739864572,64.1029727665543,
hypernet,full,arxiv,442,6.363512342997638,580.2809268976152,3.9608510651316555,52.50198955323642,
hypernet,full,lambada,442,5.224814485513195,185.82669378435338,3.833474744111187,46.222872166062324,
hypernet,full,ptb,442,5.705060579663982,300.3836766396219,3.50916497067989,33.42034915769642,
hypernet,full,pubmed,442,6.137697857748174,462.9864822928129,3.790983114083678,44.29993076059775,
hypernet,full,wikitext,442,5.246053543192775,189.81568895020862,4.164675655052375,64.37180038892534,
hypernet,full,ag_news,542,6.181762890327908,483.84416915924675,3.608607447527411,36.91461147227067,
hypernet,full,arxiv,542,6.300415997874794,544.7984980099851,4.23858172821384,69.30948241453295,
hypernet,full,lambada,542,5.657610793325367,286.46340401685615,3.523719651349378,33.910328766226904,
hypernet,full,ptb,542,6.518365783143822,677.4703467381626,2.842318726068046,17.155498355830712,
hypernet,full,pubmed,542,6.05746791050325,427.29212401628826,4.023383512608515,55.88989041808831,
hypernet,full,wikitext,542,6.1074834624070045,449.20684565475034,3.2535922152779686,25.883150969104047,
hypernet,full,ag_news,642,5.524306305764369,250.71235996512468,3.613895024075716,37.110317254865215,
hypernet,full,arxiv,642,6.205479840355859,495.45663900063425,3.9795775300219303,53.49442966242598,
hypernet,full,lambada,642,5.169622820769846,175.84849857270666,3.420403298894943,30.581746118739147,
hypernet,full,ptb,642,5.577599531197089,264.4360727597762,3.1334301875410566,22.952576305835624,
hypernet,full,pubmed,642,6.012341219370871,408.4384457594997,3.780974985106976,43.858782556158786,
hypernet,full,wikitext,642,5.8785176618367885,357.27924033240004,3.4259129549310035,30.750706048968805,
hypernet,full,ag_news,742,5.444745977765024,231.53845632505804,3.8829043872415165,48.565062182045274,
hypernet,full,arxiv,742,6.215090615256118,500.24131663194976,4.236963023331381,69.19738157051684,
hypernet,full,lambada,742,4.969067903576068,143.89270297036606,3.7423890997148166,42.19868670043021,
hypernet,full,ptb,742,5.895343201233014,363.34151375840554,3.2859078349354767,26.733242673565602,
hypernet,full,pubmed,742,6.01608339163163,409.9697562081702,4.0285118278070025,56.17724759186034,
hypernet,full,wikitext,742,5.256590677087976,191.8263771212694,3.934735151246328,51.148601519228755,
hypernet,full,ag_news,842,4.963554750199654,143.1015832152483,4.4995372248099885,89.97548324306706,
hypernet,full,arxiv,842,5.902699705483453,366.024292988223,4.454041658430171,85.97371916360643,
hypernet,full,lambada,842,4.766597412530194,117.51869326296556,4.253787995559106,70.37147494114727,
hypernet,full,ptb,842,4.788587649527062,120.1315808964287,4.22005274668328,68.03707292471137,
hypernet,full,pubmed,842,5.705712604510802,300.5795981262677,4.257604348712038,70.64055045843446,
hypernet,full,wikitext,842,5.382239870053633,217.5089219296499,4.2191987309085395,67.9789929952845,
hypernet,full,ag_news,942,5.107344353875624,165.2309767125653,4.29229884773962,73.13440025161968,
hypernet,full,arxiv,942,6.135357294717307,461.9041004341777,4.2552282122196345,70.47289812993539,
hypernet,full,lambada,942,5.132899134534234,169.507832388434,3.94615849739007,51.7362397061589,
hypernet,full,ptb,942,4.909913871587019,135.6277325040437,4.2228298443839165,68.22628112671794,
hypernet,full,pubmed,942,5.917504756298877,371.48361429177686,4.059970516451932,57.972601815769565,
hypernet,full,wikitext,942,5.142462098203687,171.13660516607743,4.097648232794686,60.198548022401205,
chebyshev,full,ag_news,42,4.091754155826177,59.844776748694365,2.779651360338951,16.11340219754433,
chebyshev,full,arxiv,42,4.138466086594414,62.70656120578514,2.4799843089107956,11.941077047873932,
chebyshev,full,lambada,42,3.4947557253490102,32.9422400159084,2.3806856872873916,10.812314189101903,
chebyshev,full,ptb,42,3.9890092116629985,54.001358932429866,2.250759602725656,9.49494548424756,
chebyshev,full,pubmed,42,4.129541447214187,62.14941761108029,2.4869190619152826,12.024173260650754,
chebyshev,full,wikitext,42,3.9305012043286944,50.932498861901855,2.420572972106636,11.252304724928178,
chebyshev,full,ag_news,142,4.451829758864136,85.78376408971705,2.6329066017585068,13.914154088065898,
chebyshev,full,arxiv,142,4.063608868285048,58.18391071281102,2.5068572305042016,12.266319205956203,
chebyshev,full,lambada,142,3.8045283474636284,44.90406600101329,2.2011418415545037,9.035324520533617,
chebyshev,full,ptb,142,4.912051442413717,135.91795646496377,1.9925678968733094,7.334343438903183,
chebyshev,full,pubmed,142,4.000927937080495,54.648837194697684,2.537981105654496,12.654097878180274,
chebyshev,full,wikitext,142,3.94910338473101,51.888821661601455,2.5296849793946934,12.549552146393243,
chebyshev,full,ag_news,242,4.10977536234186,60.933028179349876,2.738388653729843,15.462050295363385,
chebyshev,full,arxiv,242,4.082085823648017,59.26896561999306,2.4918229543228514,12.083283328860984,
chebyshev,full,lambada,242,3.5138645436660534,33.577780167294534,2.353268235533065,10.519895097434265,
chebyshev,full,ptb,242,4.423917050247346,83.4224160015257,2.0960723859802535,8.134159253039087,
chebyshev,full,pubmed,242,4.095483433381383,60.06837119515814,2.4731967459208297,11.86030068269732,
chebyshev,full,wikitext,242,4.155478002555816,63.78244543419546,2.230354012159278,9.303158927975193,
chebyshev,full,ag_news,342,3.76792868489801,43.2903040459637,2.7250831394927477,15.25768239010315,
chebyshev,full,arxiv,342,4.005469090683956,54.89757029881611,2.4498107897774535,11.586154292982968,
chebyshev,full,lambada,342,3.216777761338722,24.947603396684524,2.2710019767636362,9.689104209250896,
chebyshev,full,ptb,342,3.287193111962329,26.767624386507062,2.540920682843774,12.691350302016337,
chebyshev,full,pubmed,342,3.9938642597880007,54.26417560641423,2.44515058751369,11.532286086377809,
chebyshev,full,wikitext,342,3.59720333637829,36.49602448284828,2.317057928566087,10.145780741440598,
chebyshev,full,ag_news,442,4.0364264644547045,56.62363425836202,3.012647687056775,20.34118578407874,
chebyshev,full,arxiv,442,4.140619474946325,62.84173827640317,2.4647359812875007,11.760376782523954,
chebyshev,full,lambada,442,3.5424253534999783,34.55061510901711,2.4662447443926903,11.778133797312485,
chebyshev,full,ptb,442,4.22484540109064,68.36393374194282,2.402894116775613,11.055124949469997,
chebyshev,full,pubmed,442,4.100577523095933,60.37514557173848,2.4742570042896177,11.87288233447465,
chebyshev,full,wikitext,442,3.5535493181705893,34.937100570764336,2.88808191694832,17.958830017284043,
chebyshev,full,ag_news,542,4.508673498558208,90.8012905451184,2.6135833393992005,13.647868279009169,
chebyshev,full,arxiv,542,4.058349937471802,57.87872872077051,2.625334048116635,13.809186348374078,
chebyshev,full,lambada,542,3.7422669581860557,42.19353280308378,2.2828784421599453,9.804862559489875,
chebyshev,full,ptb,542,4.507096727900618,90.6582305505561,2.0739457150771927,7.956153982594066,
chebyshev,full,pubmed,542,4.037834243331291,56.703403950456035,2.6145924593829113,13.661647566932658,
chebyshev,full,wikitext,542,4.070579890112711,58.59092904298254,2.2700445779339944,9.679832311380993,
chebyshev,full,ag_news,642,4.073729512484946,58.77575926381083,2.6888955130608037,14.715413959011125,
chebyshev,full,arxiv,642,4.006879418092631,54.97504846882942,2.514613432281391,12.361829171250092,
chebyshev,full,lambada,642,3.4747386455505573,32.28938845838934,2.269441566815064,9.673997024416128,
chebyshev,full,ptb,642,3.9049710290080344,49.648641520946825,2.2652156392759077,9.63320167378662,
chebyshev,full,pubmed,642,3.99265057133055,54.19835575330523,2.5112047285448105,12.319763094091666,
chebyshev,full,wikitext,642,3.9491258693547233,51.88998837534795,2.4344903202397665,11.410001784133714,
chebyshev,full,ag_news,742,3.8861288845297177,48.721912839709745,2.9158501740207736,18.464503773018404,
chebyshev,full,arxiv,742,3.963275423931168,52.629427628993625,2.6387151649940934,13.995210514746619,
chebyshev,full,lambada,742,3.2431368223246593,25.613942248711545,2.493395747530233,12.102302787720665,
chebyshev,full,ptb,742,4.543783604424163,94.04596051483468,2.28876552406812,9.862754829542673,
chebyshev,full,pubmed,742,3.9538781784609744,52.13717252215378,2.6346243253847152,13.938075298413988,
chebyshev,full,wikitext,742,3.4909182935992327,32.81606865997815,2.7332133440503057,15.382236106520399,
chebyshev,full,ag_news,842,3.586719047996133,36.115388472845645,3.2960139162059705,27.004780778650744,
chebyshev,full,arxiv,842,3.793513811051379,44.4121824386246,2.7258586075122166,15.269518823642573,
chebyshev,full,lambada,842,3.0760331257252127,21.67226051942994,2.7342204799740206,15.39773591298614,
chebyshev,full,ptb,842,3.3029516760392545,27.192784871573867,3.2320259447642585,25.330924074269948,
chebyshev,full,pubmed,842,3.7913300563777828,44.31530294668108,2.7250966197475686,15.257888068936042,
chebyshev,full,wikitext,842,3.5590949618108874,35.13138750547957,2.798929634374552,16.427054403283126,
chebyshev,full,ag_news,942,3.779802542707395,43.807390792724185,3.091121027635597,22.001728702015054,
chebyshev,full,arxiv,942,3.9697205871692476,52.96972835002723,2.632240567756733,13.90488987382064,
chebyshev,full,lambada,942,3.4125192364105628,30.34158568538753,2.501342152633742,12.19885570458106,
chebyshev,full,ptb,942,3.773977873535878,43.552968915031975,3.0506509941936044,21.129094864398937,
chebyshev,full,pubmed,942,3.9483746239299413,51.851020897891225,2.6330592225459033,13.916277839278944,
chebyshev,full,wikitext,942,3.5410359125221573,34.502642403914656,2.8430855649418056,17.168658904233833,
dct,full,ag_news,42,3.9716418475332462,53.07159481426352,2.8487077519062813,17.26545616570175,
dct,full,arxiv,42,4.036850078737983,56.64762591985144,2.5706769130841094,13.074671862583209,
dct,full,lambada,42,3.458170102805651,31.758807956083476,2.507193969530382,12.270450449876925,
dct,full,ptb,42,3.665660256843994,39.08193175922334,2.4824068499283665,11.970039864457442,
dct,full,pubmed,42,3.953225021470517,52.10312988226262,2.5375916719936686,12.649170905945791,
dct,full,wikitext,42,3.793263358174552,44.401060672563965,2.469127586717609,11.812137289735885,
dct,full,ag_news,142,4.527953201727457,92.56889718760569,2.5338000855488696,12.60130128924406,
dct,full,arxiv,142,4.038639006693098,56.749055139183355,2.555162886306893,12.873396386747874,
dct,full,lambada,142,3.965471153065592,52.745114558668256,2.158235566423889,8.65585150170567,
dct,full,ptb,142,4.946737888310829,140.71518575304165,1.8963901702988877,6.661803011085981,
dct,full,pubmed,142,3.917063090703064,50.25264039350241,2.537404559052828,12.646804303796232,
dct,full,wikitext,142,3.9800619469771736,53.52034954867486,2.4826370854419695,11.972796110014116,
dct,full,ag_news,242,3.946334532337086,51.74534789403055,2.78880948934589,16.26164860734923,
dct,full,arxiv,242,3.9988199070081736,54.533757141196595,2.5457691443112673,12.753033237760047,
dct,full,lambada,242,3.481534970653719,32.509585055993405,2.458967082136317,11.692727672945605,
dct,full,ptb,242,4.204585942747021,66.99285304606897,2.285150294689589,9.82716308345769,
dct,full,pubmed,242,3.954161171780751,52.15192908159498,2.486311111812785,12.016865384921477,
dct,full,wikitext,242,4.007929425115981,55.032802971841335,2.303456349469423,10.008716361295509,
dct,full,ag_news,342,3.6582848732626894,38.794747868885665,2.812431310976971,16.650351227970614,
dct,full,arxiv,342,3.9416957468810816,51.505868203689545,2.5439245568197264,12.729530834953502,
dct,full,lambada,342,3.2560150615763828,25.94593789644385,2.3969702511330757,10.98982946638894,
dct,full,ptb,342,3.372964625998657,29.164861927181313,2.441473088190938,11.489953997926932,
dct,full,pubmed,342,3.861890852808647,47.55518626732204,2.4931416305320266,12.099227777587586,
dct,full,wikitext,342,3.527236665869919,34.029801856039136,2.4142675406082628,11.181577306067982,
dct,full,ag_news,442,3.9302373649858877,50.919062637454886,2.970037178726257,19.492644294245597,
dct,full,arxiv,442,4.045816734879126,57.15784978512981,2.49972102870044,12.179095868538504,
dct,full,lambada,442,3.536623972071219,34.35075410766585,2.4662022845378218,11.777633710077719,
dct,full,ptb,442,3.9538958812613396,52.13809550428021,2.252026135158084,9.50697875930551,
dct,full,pubmed,442,3.940760073920938,51.457698094771175,2.4555021839457427,11.652283669628291,
dct,full,wikitext,442,3.4398484193956294,31.1822311886101,2.767661359117253,15.92135610267489,
dct,full,ag_news,542,4.280703114670929,72.29125118147655,2.6703610762039154,14.445184063489872,
dct,full,arxiv,542,4.0059540542339604,54.92420007610859,2.6902414131462082,14.73523276999329,
dct,full,lambada,542,3.687486446610716,39.94431849125494,2.378925833843519,10.793302834245782,
dct,full,ptb,542,4.334134796108621,76.25895079767372,2.153066777139439,8.611226656777164,
dct,full,pubmed,542,3.924259012260214,50.61555865144176,2.625819185383661,13.815887324614204,
dct,full,wikitext,542,3.938635796880428,51.34850370877664,2.2553582874836713,9.538710298488445,
dct,full,ag_news,642,3.983192506520177,53.68816072408624,2.670743596562337,14.450710697432916,
dct,full,arxiv,642,3.9608702583822786,52.50299724675055,2.506576822026045,12.262880108253688,
dct,full,lambada,642,3.5099064542942813,33.445138988474966,2.354076344780276,10.528399757826723,
dct,full,ptb,642,3.714372653720466,41.03283721043076,2.448899083939458,11.575595942260483,
dct,full,pubmed,642,3.889357057082762,48.87944972278281,2.442071430162303,11.496830976840336,
dct,full,wikitext,642,3.943816657461456,51.61522346989229,2.416397228339144,11.205415949491673,
dct,full,ag_news,742,3.904170475430375,49.60891102866707,2.8557806558478473,17.388005959239017,
dct,full,arxiv,742,3.933494959554619,51.08520676752973,2.6996824258792675,14.875007057409338,
dct,full,lambada,742,3.351861747836567,28.555847973867728,2.536117752282041,12.630540776641912,
dct,full,ptb,742,4.208322212782806,67.2436246189487,2.336880152407549,10.348899156953262,
dct,full,pubmed,742,3.859343012766551,47.43417748051765,2.64049771614801,14.020179941427486,
dct,full,wikitext,742,3.529446892967408,34.10509862705265,2.713143546680016,15.076595080688035,
dct,full,ag_news,842,3.5650803188556917,35.34229194273045,3.2782822333554895,26.530160910398944,
dct,full,arxiv,842,3.75381689737601,42.68369073939264,2.7947153437921046,16.357971692167247,
dct,full,lambada,842,3.142667951684083,23.165589158662343,2.8149466858688865,16.692285821892952,
dct,full,ptb,842,3.288948240259024,26.814646254137543,3.320820198190681,27.683046834448316,
dct,full,pubmed,842,3.6813117943005382,39.69843611311713,2.744585987881002,15.558171327139434,
dct,full,wikitext,842,3.5000409237905936,33.116807196244224,2.8199080441383018,16.775308013309083,
dct,full,ag_news,942,3.676497561325838,39.50777789770885,3.1745755119393517,23.916665374394935,
dct,full,arxiv,942,3.8814408537428715,48.49403757280298,2.7283322808711694,15.307337381655861,
dct,full,lambada,942,3.4150134458846515,30.417358413108225,2.6358469094025034,13.95512618746093,
dct,full,ptb,942,3.5299974501047524,34.12388060232245,3.1511947567863943,23.363962164563688,
dct,full,pubmed,942,3.801786084404633,44.78109592482996,2.67645021129363,14.53341108115941,
dct,full,wikitext,942,3.4345712794783183,31.018111613543724,2.877269757499438,17.765702229268616,
