kernel,mode,dataset,n_seeds,raw_nll,raw_nll_std,raw_nll_ci95_low,raw_nll_ci95_high,raw_ppl,raw_ppl_std,raw_ppl_ci95_low,raw_ppl_ci95_high,weighted_nll,weighted_nll_std,weighted_nll_ci95_low,weighted_nll_ci95_high,weighted_ppl,weighted_ppl_std,weighted_ppl_ci95_low,weighted_ppl_ci95_high,error
hypernet,full,ag_news,10,5.570167155898219,0.4311438917005655,5.30294140327784,5.8373929085185985,285.8679622417475,128.90998999026405,205.96872266407416,365.7672018194208,3.870045684115484,0.34145629242903586,3.658408881442921,4.081682486788047,50.68939569241575,18.921765508745196,38.96156392600285,62.41722745882865,
hypernet,full,arxiv,10,6.242604416211195,0.1272561648417357,6.163730228080441,6.32147860434195,517.7660520728493,61.093024964501545,479.9002028975283,555.6319012481704,4.126038683818379,0.17609622904951372,4.016893110270398,4.2351842573663605,62.833295792044325,11.671509892278229,55.59921901345833,70.06737257063033,
hypernet,full,lambada,10,5.22183816349209,0.330783369431169,5.016816507028638,5.426859819955542,194.6358261466234,65.2795129237921,154.17516485104957,235.09648744219723,3.6685444826336053,0.28427212637633703,3.4923507932825086,3.844738171984702,40.71401165229132,12.455074857473393,32.99427627669878,48.43374702788386,
hypernet,full,ptb,10,5.832446289588765,0.806377283660926,5.332648471110277,6.332244108067254,462.16094718243585,406.62790131612803,210.13036282913964,714.1915315357321,3.319181028365071,0.5839552550929029,2.957241811452301,3.681120245277841,32.688174357743264,22.20471790781873,18.925547613257024,46.450801102229505,
hypernet,full,pubmed,10,6.039532423504037,0.12685522192549317,5.960906742367381,6.118158104640692,422.6094917921532,50.18427020256621,391.5049588676812,453.71402471662526,3.9411124894717906,0.16457504278076387,3.839107821155245,4.043117157788336,52.1267123924579,8.99711663359443,46.550241728934274,57.70318305598152,
hypernet,full,wikitext,10,5.667340930120821,0.4402743067454506,5.394456087625638,5.940225772616003,315.37950869312016,136.32839232098323,230.8822957143903,399.87672167185,3.675472071081942,0.39525071203773765,3.430493141700796,3.9204510004630886,42.26527648460724,16.08623466631312,32.294924942391646,52.23562802682284,
chebyshev,full,ag_news,10,4.088413573745347,0.3175211820232628,3.891611906199033,4.285215241291662,62.47735504681153,20.6534493783166,49.676214498215586,75.27849559540748,2.802546595848752,0.25436112339739414,2.6448919382143092,2.960201253483195,17.00066473460357,4.685721280531522,14.096424596072293,19.90490487313485,
chebyshev,full,arxiv,10,4.022408041059013,0.10572470524474382,3.956879189848438,4.087936892269587,56.103224331633385,5.512253803233021,52.68669402804156,59.51975463522521,2.5491335775007964,0.10646173946488889,2.4831479077477896,2.615119247253803,12.862984587901886,1.4187615564936829,11.98362706476157,13.742342111042202,
chebyshev,full,lambada,10,3.4881503259312643,0.23623410382115376,3.341730911430892,3.6345697404316364,33.56835039146314,8.15864106305737,28.511572270739553,38.625128512186734,2.3597343186759696,0.18067258495332086,2.2477522903522287,2.4717163469997105,10.750373515918579,2.0504287615222183,9.479504602918206,12.021242428918951,
chebyshev,full,ptb,10,4.079089599174368,0.5273458486634086,3.7522372558778447,4.405941942470891,67.32298494631922,38.1563302356957,43.67344644944306,90.97252344319539,2.4285741787585478,0.4606424413842655,2.1430650356224303,2.714083321894665,12.588389225678986,6.682058078844891,8.446806720289935,16.729971731068037,
chebyshev,full,pubmed,10,4.0046091481149295,0.10359319309166433,3.940401421824111,4.068816874405749,55.10507240185159,5.373761138633104,51.77438074109462,58.435764062608555,2.551433161462108,0.10762444255043459,2.4847268408705063,2.6181394820537096,12.893995882410632,1.4355736152668075,12.004218137285898,13.783773627535366,
chebyshev,full,wikitext,10,3.8244438090813455,0.27735505846589753,3.6525373628383506,3.9963502553243404,47.4108204072959,12.999932929872795,39.35337849968239,55.46826231490941,2.506767173202099,0.28299222629342696,2.3313667741411312,2.6821675722630665,12.707925450204602,3.512283217278526,10.530989758384498,14.884861142024706,
dct,full,ag_news,10,3.990450423901662,0.28933156109022906,3.811120864426276,4.1697799833770475,56.224666874481464,17.212452360977295,45.55627837322659,66.89305537573634,2.8229050420411226,0.2633398396333885,2.659685318427745,2.9861247656545,17.38878426902459,4.964053873802131,14.31203180190122,20.46553673614796,
dct,full,arxiv,10,3.9699306562966648,0.08411346168406719,3.9177965926192857,4.022064719974044,53.14347306820126,4.225673930143428,50.52437323158536,55.76257290481716,2.6060026680440065,0.11011326389762476,2.5377537599997164,2.6742515760882966,13.620674189085978,1.5545564799954266,12.65715010036671,14.584198277805246,
dct,full,lambada,10,3.5153788799193477,0.2274962026468716,3.374375272676293,3.6563824871624027,34.43252910218374,8.065618632654408,29.433406881157495,39.43165132320999,2.444788666792543,0.1909048554840502,2.3264646114884253,2.5631127220966605,11.726231508528823,2.377017110794188,10.252941039497543,13.199521977560103,
dct,full,ptb,10,3.9664240977004575,0.47800086842546324,3.670156090018924,4.2626921053819915,58.89111101796777,31.285812625658206,39.499963454086554,78.28225858184899,2.4367967868467098,0.4623903511169197,2.150204278034278,2.7233892956591417,12.701582971788094,6.76366401625112,8.509420582370865,16.893745361205323,
dct,full,pubmed,10,3.889946257593254,0.08190480323691549,3.8391811346040834,3.9407113805824245,49.051973517174,3.854585712510052,46.662876540750545,51.44107049359745,2.554457743243278,0.10809934063364159,2.4874570777701974,2.621458408716358,12.933674125483828,1.4466904910671863,12.03700606935219,13.830342181615466,
dct,full,wikitext,10,3.766218247222001,0.26901379361414124,3.599481770496664,3.9329547239473377,44.64057467764269,11.89849400652527,37.265811687492175,52.015337667793204,2.5173938005717735,0.28388906882424486,2.3414375327512267,2.6933500683923204,12.846585636827703,3.562337527652847,10.638625962019196,15.05454531163621,
